{"fx": 611.0867919921875, "fy": 610.2086791992188, "ppx": 322.6416320800781, "ppy": 242.4864044189453, "height": 480, "width": 640, "depth_scale": 0.0010000000474974513}